Datetime,Water Level (m)
2026-02-03 12:00:00,0.025402991
2026-02-03 13:00:00,-0.11867324
2026-02-03 14:00:00,-0.28325045
2026-02-03 15:00:00,-0.42810905
2026-02-03 16:00:00,-0.56081957
2026-02-03 17:00:00,-0.5998847
2026-02-03 18:00:00,-0.45428455
2026-02-03 19:00:00,-0.23612656
2026-02-03 20:00:00,0.015222795
2026-02-03 21:00:00,0.2706587
2026-02-03 22:00:00,0.44630447
2026-02-03 23:00:00,0.39175105
2026-02-04 00:00:00,0.24405712
2026-02-04 01:00:00,0.073529124
2026-02-04 02:00:00,-0.1077244
2026-02-04 03:00:00,-0.29015702
2026-02-04 04:00:00,-0.44602957
2026-02-04 05:00:00,-0.56871426
2026-02-04 06:00:00,-0.5400538
2026-02-04 07:00:00,-0.3650348
2026-02-04 08:00:00,-0.14947326
2026-02-04 09:00:00,0.059404824
2026-02-04 10:00:00,0.20360346
2026-02-04 11:00:00,0.210593
2026-02-04 12:00:00,0.08980866
2026-02-04 13:00:00,-0.045050625
2026-02-04 14:00:00,-0.20186546
2026-02-04 15:00:00,-0.35803214
2026-02-04 16:00:00,-0.5081793
2026-02-04 17:00:00,-0.62105924
2026-02-04 18:00:00,-0.5791884
2026-02-04 19:00:00,-0.39090523
2026-02-04 20:00:00,-0.15052682
2026-02-04 21:00:00,0.092794456
2026-02-04 22:00:00,0.31887108
2026-02-04 23:00:00,0.37582126
2026-02-05 00:00:00,0.24755058
2026-02-05 01:00:00,0.099493995
2026-02-05 02:00:00,-0.07168528
2026-02-05 03:00:00,-0.2481643
2026-02-05 04:00:00,-0.4085489
2026-02-05 05:00:00,-0.5547734
2026-02-05 06:00:00,-0.62426114
2026-02-05 07:00:00,-0.51474655
2026-02-05 08:00:00,-0.32183233
2026-02-05 09:00:00,-0.10087809
2026-02-05 10:00:00,0.09273037
2026-02-05 11:00:00,0.18766059
2026-02-05 12:00:00,0.12614112
2026-02-05 13:00:00,0.00072704104
2026-02-05 14:00:00,-0.13942486
2026-02-05 15:00:00,-0.29900786
2026-02-05 16:00:00,-0.44347954
2026-02-05 17:00:00,-0.57672936
2026-02-05 18:00:00,-0.62847924
2026-02-05 19:00:00,-0.50035846
2026-02-05 20:00:00,-0.3035438
2026-02-05 21:00:00,-0.06852414
2026-02-05 22:00:00,0.15060246
2026-02-05 23:00:00,0.2923587
2026-02-06 00:00:00,0.24174108
2026-02-06 01:00:00,0.105478324
2026-02-06 02:00:00,-0.04692368
2026-02-06 03:00:00,-0.21752925
2026-02-06 04:00:00,-0.37479135
2026-02-06 05:00:00,-0.5288016
2026-02-06 06:00:00,-0.6411753
2026-02-06 07:00:00,-0.61776245
2026-02-06 08:00:00,-0.4577881
2026-02-06 09:00:00,-0.25678244
2026-02-06 10:00:00,-0.053890947
2026-02-06 11:00:00,0.09715112
2026-02-06 12:00:00,0.12738302
2026-02-06 13:00:00,0.026431048
2026-02-06 14:00:00,-0.09683335
2026-02-06 15:00:00,-0.24210565
2026-02-06 16:00:00,-0.3849584
2026-02-06 17:00:00,-0.52413225
2026-02-06 18:00:00,-0.625007
2026-02-06 19:00:00,-0.58531713
2026-02-06 20:00:00,-0.4203501
2026-02-06 21:00:00,-0.2126473
2026-02-06 22:00:00,-0.004132964
2026-02-06 23:00:00,0.15177421
2026-02-07 00:00:00,0.18115595
2026-02-07 01:00:00,0.0730084
2026-02-07 02:00:00,-0.05804716
2026-02-07 03:00:00,-0.2108844
2026-02-07 04:00:00,-0.36320204
2026-02-07 05:00:00,-0.51243824
2026-02-07 06:00:00,-0.63856196
2026-02-07 07:00:00,-0.6765463
2026-02-07 08:00:00,-0.5632645
2026-02-07 09:00:00,-0.3932384
2026-02-07 10:00:00,-0.19376361
2026-02-07 11:00:00,-0.017395996
2026-02-07 12:00:00,0.082524315
2026-02-07 13:00:00,0.05369075
2026-02-07 14:00:00,-0.056800894
2026-02-07 15:00:00,-0.18203518
2026-02-07 16:00:00,-0.3254846
2026-02-07 17:00:00,-0.45632577
2026-02-07 18:00:00,-0.57135683
2026-02-07 19:00:00,-0.6021916
2026-02-07 20:00:00,-0.48309982
2026-02-07 21:00:00,-0.3242833
2026-02-07 22:00:00,-0.13573778
2026-02-07 23:00:00,0.024553886
2026-02-08 00:00:00,0.09855037
2026-02-08 01:00:00,0.036059167
2026-02-08 02:00:00,-0.08116355
2026-02-08 03:00:00,-0.2151092
2026-02-08 04:00:00,-0.35973606
2026-02-08 05:00:00,-0.49855906
2026-02-08 06:00:00,-0.625955
2026-02-08 07:00:00,-0.7014349
2026-02-08 08:00:00,-0.65271497
2026-02-08 09:00:00,-0.50682074
2026-02-08 10:00:00,-0.33495355
2026-02-08 11:00:00,-0.15170157
2026-02-08 12:00:00,-0.013491874
2026-02-08 13:00:00,0.033088427
2026-02-08 14:00:00,-0.035988327
2026-02-08 15:00:00,-0.14340271
2026-02-08 16:00:00,-0.26662818
2026-02-08 17:00:00,-0.39306164
2026-02-08 18:00:00,-0.5059138
2026-02-08 19:00:00,-0.5743424
2026-02-08 20:00:00,-0.5203682
2026-02-08 21:00:00,-0.39502722
2026-02-08 22:00:00,-0.24898489
2026-02-08 23:00:00,-0.10226716
2026-02-09 00:00:00,-0.0067938254
2026-02-09 01:00:00,-0.019317053
2026-02-09 02:00:00,-0.11589812
2026-02-09 03:00:00,-0.22853154
2026-02-09 04:00:00,-0.3591716
2026-02-09 05:00:00,-0.48338172
2026-02-09 06:00:00,-0.6011832
2026-02-09 07:00:00,-0.68759906
2026-02-09 08:00:00,-0.6877902
2026-02-09 09:00:00,-0.57903504
2026-02-09 10:00:00,-0.43927646
2026-02-09 11:00:00,-0.27941912
2026-02-09 12:00:00,-0.12816738
